id,timestamp_rds,amount_rds,timestamp_bq,amount_bq
0d4e2578-233c-415f-ac06-0719f21e7a05,2023-06-16 10:47:00,-366.9,,
85bf991c-0b40-4df7-8de0-18318acf7a41,2023-08-08 10:14:00,-5880.65,,
d637cff4-b19a-4733-8705-120f70164d41,2023-08-29 14:42:00,-1.0,,
0e913632-80c4-4fef-b11d-922b753fd3c0,2023-09-15 09:21:00,-2.56,,
f1fb7474-e8ea-41fa-844a-fea06d46384d,2023-09-15 09:21:00,-0.14,,
562af9d6-e40d-494b-b3c4-916cdcbe3ff7,2023-07-24 16:01:00,-157.9,,
74b3b1be-0182-46a7-a34e-eb8bc0de2c96,2023-05-12 13:57:00,-1027.49,,
4d8add12-9f1f-4588-899f-2897d4b8d38b,2023-05-31 12:20:00,-246.9,,
2f4826e2-1e2f-45a1-a659-974e1ddc7d55,2023-07-18 18:27:00,-18.5,,
a7012032-17b2-4453-bbb9-33188a2f50a3,2023-07-18 22:39:00,-41.82,,
54300cba-9453-4838-ab41-f3d6627d6549,2023-07-17 11:40:00,-32.08,,
d2aeee5a-b461-4ba6-8536-897bb6e1731e,2023-07-19 12:48:00,-49.96,,
ca073b4d-1e83-4caf-850e-2b729daed0f7,2023-07-27 08:55:00,-59.9,,
41970736-5743-4248-bb9f-3b4b0fcb8bcb,2023-06-29 01:02:00,-69.9,,
03d7f2f5-e16c-442c-965c-c4c84418d008,2023-08-12 19:29:00,-26.26,,
862d101f-1a61-4b54-a23d-58cf494c3b7b,2023-07-05 20:47:00,-24.95,,
6ed30977-42fd-4615-ae9f-336d224fc490,2023-07-05 23:57:00,-79.99,,
fde1cd3d-5cd1-4bf6-a769-66b0dc57f945,2023-07-12 09:48:00,-21.41,,
9f287781-ea07-440e-8b06-05e2c2fa5233,2023-07-12 17:27:00,-37.62,,
c4d25d74-507e-4487-bfbd-5cf1b93399ae,2023-07-13 09:37:00,-79.0,,
12875225-3ace-4f38-ac55-3423543d7d98,2023-07-13 11:09:00,-63.31,,
cbd3e22e-ed60-44dc-90e3-f1cb82013d69,2023-04-19 09:23:00,-894.94,,
e123e212-457c-494d-845a-95d68fb5dfe5,2023-04-19 09:25:00,-894.94,,
5d808eb5-84bc-4015-bf9d-c3ed01a1d15d,2023-04-19 09:18:00,-894.94,,
5dc420fe-050c-4094-85e1-a820a755c98b,2023-07-17 14:56:00,-70.0,,
0dc92866-3ddc-41a0-b70a-f043fa284a7d,2023-07-17 20:02:00,-23.71,,
0ef58f10-7a62-4951-8fe3-3196f09f1284,2023-05-16 11:25:00,-447.27,,
f9605e89-ff99-44ee-be30-98c5bd8d3911,2023-07-25 17:27:00,-64.97,,
e5ab0c43-6f30-4685-a7e1-12635ceb6c19,2023-05-10 09:51:00,-285.83,,
9b4b5c33-0131-4157-a50c-0a54c6914c91,2023-05-10 15:57:00,-1772.42,,
a14816f2-40dd-4e06-84aa-b8944b18d5c1,2023-05-26 18:38:00,-1140.8,,
b86ccc93-a1e9-4cd8-bef6-b660610191ff,2023-07-20 12:15:00,-34.28,,
1557b35a-11a7-4cfc-b4b1-e3afb9bbda34,2023-07-31 14:33:00,-48.66,,
06b11598-55c7-4d83-9fdf-26794f3291e0,2023-04-19 09:14:00,-894.94,,
f5be379f-abd2-40db-8b94-0b8a644a12a8,2023-04-19 09:21:00,-894.94,,
df027706-f105-48ad-8462-97a2da328cb4,2023-04-19 09:13:00,-894.94,,
2e7b56a8-b594-42d3-af84-dfd006ddd55b,2023-04-12 19:35:00,-1225.33,,
656b0edc-fb79-4a5e-8d6f-173b02de2aa8,2023-04-12 19:18:00,-473.06,,
7deca023-c873-49e1-9ea9-0be7c14af2ae,2023-07-31 16:19:00,-54.97,,
4e3cddd6-6b50-406a-9abd-7c984b57d68d,2023-04-27 21:43:00,-4553.5,,
025c952e-13ca-462e-b9b6-c5538ea25382,2023-05-15 18:12:00,-439.96,,
80affa40-9889-4387-b4ee-6a5dae3b37ff,2023-05-08 15:45:00,-37050.41,,
06850aaa-1a0d-4fc2-aabd-b9c41154294e,2023-06-29 09:29:00,-64.9,,
c7fd8946-2786-4bed-aa80-7214288128db,2023-05-22 09:46:00,-1253.44,,
7e994594-a372-4938-9391-ba83adbf1f72,2023-05-16 11:14:00,-2785.24,,
a7d49c16-0dee-482f-86ad-601190bd4115,2023-05-23 09:00:00,-716.62,,
e1f6bcaa-91dc-4997-af8f-b1de9ad7fe1c,2023-05-25 16:28:00,-963.46,,
3db71713-0dec-4074-b831-2d5ec26201c6,2023-05-25 16:22:00,-601.65,,
26d27898-3b96-4b5a-aef0-d38b821e5979,2023-05-25 16:18:00,-646.32,,
98a5441b-2a59-414f-a50b-780d470b68c7,2023-05-29 09:48:00,-570.0,,
3b5eef33-bfd7-4a37-aca7-6643750e28b5,2023-06-12 16:47:00,-997.81,,
ba1eebbc-b44f-4955-9065-e04586ac87ec,2023-07-11 08:32:00,-54.92,,
93c571aa-ef00-4c26-9c67-c87157e0f489,2023-07-11 10:15:00,-33.84,,
ee889bf1-6c8a-4f54-9371-2c624b0542c0,2023-07-11 15:18:00,-26.26,,
3b0af102-a905-4ae4-9ea9-3501262bb1d9,2023-07-11 12:53:00,-45.0,,
09f21c92-f6ec-44c7-84bd-6d2fda382f32,2023-08-02 16:40:00,-109.54,,
12005ee7-62fb-4943-aecd-49e6b9d82981,2023-08-02 19:12:00,-22.0,,
985d6252-4f23-4ed6-b979-f46f852f7b58,2023-08-14 16:25:00,-81.51,,
75556a34-e232-49bb-95af-e57e0b238a13,2023-07-20 13:28:00,-16.6,,
9b2a2730-c97b-4694-9425-fb601b93cb3a,2023-07-20 19:53:00,-29.09,,
6a6f708f-990d-47e7-97e9-9757fbe2d330,2023-06-05 19:37:00,-5.15,,
47467ac5-90ee-4a2b-82a8-81c64f8bf8e0,2023-08-14 16:25:00,-1515.06,,
e69d3200-d817-4391-878a-de2769a1d87a,2023-07-20 12:24:00,-23.0,,
0cfb9474-4e74-4b4f-96f8-8038930e3bf3,2023-07-23 11:16:00,-72.7,,
c12eb1ca-12bb-45ae-bd35-9f71b3023eb2,2023-07-25 13:21:00,-32.71,,
a60dc11e-815a-478f-b1b1-216bf038487d,2023-07-27 22:54:00,-26.38,,
58b14e56-d567-4162-b4b5-c86211d29002,2023-06-05 19:37:00,-0.28,,
2514006c-97ae-4c4d-a39a-e5bceee9e482,2023-08-02 11:12:00,-63.0,,
ea46954a-2f42-4762-84cc-0e06cd78cb4c,2023-07-11 11:33:00,-33.0,,
b8ddaab5-9458-418f-93b9-dcb219eea063,2023-08-01 11:49:00,-4.73,,
5387bfce-b118-4139-bb37-95bece0a0a5c,2023-09-22 15:47:00,-82.03,,
817e07bc-9ce7-42d1-8251-1c991567d292,2023-10-05 18:47:00,-5.41,,
8be0e475-59c5-483d-868e-3d030139e129,2023-10-05 18:47:00,-0.29,,
61b4ef50-96ec-4bb4-927a-70d3c32ce053,2023-08-22 17:50:00,-59.01,,
b1c8cae2-58c1-43db-9d59-d78e477ef591,2023-08-21 04:06:00,-132.39,,
34cdcb82-fc58-45e4-92bb-03059827ab6f,2023-08-31 09:09:00,-41.28,,
ade5713d-a4ce-4897-bf16-ba6d87558661,2023-09-25 11:20:00,-52.6,,
2cbc9ea7-b6ec-4071-ba0f-e4a7422d2b1f,2023-08-17 19:55:00,-64.98,,
332c748e-f04b-4dc2-a095-5c28626562a4,2023-06-29 16:51:00,-69.91,,
3b2af33d-d091-445a-86ea-d996caad9de0,2023-08-22 11:51:00,-41.03,,
6e6304bb-08a9-4986-a8f3-e149c78d53f3,2023-08-23 18:39:00,-42.91,,
03f37326-6606-47ad-978a-f1b46def1726,2023-07-04 07:09:00,-156.37,,
63223d68-8dc4-45bf-81cf-1bf0cb2dbdb4,2023-07-04 20:00:00,-59.94,,
ca2f5878-1948-43c4-88f9-6427cc85c9ee,2023-07-04 19:58:00,-59.94,,
9d82c0bd-3200-4c7a-a576-b74a335992b2,2023-07-03 15:38:00,-307.57,,
3ab4be68-59e2-4c5b-8cfd-40b089c0bd07,2023-07-03 15:38:00,-16.55,,
492935fa-a2e3-4f6b-b396-d21e079069fb,2023-07-05 12:16:00,-24.47,,
69a41d23-99ff-4ef0-bc9e-b8ff05616e1c,2023-07-05 15:02:00,-43.27,,
63843f40-3538-41e2-b6ca-02f898e5c7d1,2023-07-06 17:49:00,-174.94,,
d0b55268-30e5-4ded-9b49-6dee4679d30c,2023-07-07 11:40:00,-69.4,,
a09161d0-94ce-4f1f-a4b6-2710f8a1b729,2023-07-06 17:34:00,-25.0,,
8670aa98-4ed8-4f3d-a1e4-3d86cb4584f1,2023-07-06 12:07:00,-70.0,,
822b66cc-82ca-4fe3-9389-9570d77c3304,2023-07-06 10:18:00,-79.0,,
3476d6b9-1862-4a9b-a362-dee429e963fc,2023-07-09 11:18:00,-76.0,,
0f03cb0b-61c1-428f-88eb-155ff822b54f,2023-09-12 20:34:00,-32.64,,
cef75e66-a96b-4523-8614-a740fa487a96,2023-08-26 00:23:00,-25.09,,
16d9881f-a831-4726-aa34-73a7d0160c61,2023-08-26 00:37:00,-32.02,,
632d086c-8508-43c2-9544-282d89dd6890,2023-08-24 14:26:00,-71.0,,
3c90b958-dfa6-4b27-9d3f-6e10d82aeb12,2023-07-10 18:20:00,-25.89,,
fb061f4f-12a4-4742-84e3-664071413806,2023-08-25 09:35:00,-57.0,,
d6310867-8d53-465a-b4d6-cd3546b0a57a,2023-07-11 12:26:00,-43.6,,
828545aa-f9b0-4aa0-be94-c9f2acbd82ea,2023-07-12 18:07:00,-38.0,,
10f70eaa-cb58-4628-8816-2865d76aea14,2023-07-11 16:07:00,-24.98,,
7d903eca-531c-4126-a9fd-e2685807cce6,2023-07-11 14:22:00,-8.26,,
248a960f-39d5-41b7-9803-d625f71f9aee,2023-07-11 14:20:00,-54.0,,
5160a333-6c1e-4059-9bb0-d604c9b1a7ea,2023-07-11 08:37:00,-25.04,,
18c2b504-60fc-4932-b821-c450ec08ae8d,2023-07-13 18:16:00,-44.34,,
ee647d0a-3da3-4cea-934c-9d9bc728bdb8,2023-07-12 16:34:00,-39.0,,
e22b561d-c8af-4bf2-900a-aaa746cdfa15,2023-07-13 22:43:00,-28.63,,
df821331-aabd-446a-8101-e3a91582b4d9,2023-07-14 10:39:00,-28.88,,
901025bc-49a9-4473-838e-c5925f89056f,2023-07-13 11:22:00,-49.0,,
4a653050-9d6b-4540-829b-d927a250292b,2023-07-13 09:33:00,-46.46,,
09af28a2-0ad8-459e-bd8a-1ffe82b693fa,2023-07-13 08:29:00,-24.31,,
6cff262e-439e-4ea0-979c-be410c724c9a,2023-07-15 19:13:00,-20.33,,
dffd288e-f54a-4efb-ba4b-80a0aa513001,2023-07-15 21:22:00,-71.38,,
9d2cad2f-4774-45b1-83ec-cf947278620b,2023-07-16 18:02:00,-78.73,,
f2bcbea6-c427-4c3f-a92b-26bc8900292f,2023-07-16 19:46:00,-25.86,,
4f92a6b5-904f-49b9-8da5-6ac53723f84b,2023-07-17 11:57:00,-32.05,,
ccb83fe1-e22a-4079-99b5-217e076e2956,2023-07-17 13:08:00,-32.17,,
e16a4352-9a47-418a-8ea4-07a7c6ed3d12,2023-07-15 18:18:00,-39.99,,
e06f4b78-5a50-4cda-a9dd-ac045367105b,2023-07-18 11:39:00,-33.71,,
4a15c5c8-8d91-4453-9a6f-d8740bfea9bc,2023-07-17 16:06:00,-63.0,,
7a663c51-c4bb-48ae-8850-721b00e9414a,2023-07-18 22:16:00,-38.47,,
855b71be-1059-4fd5-b0d0-7d8f2a2c64ba,2023-07-21 17:35:00,-28.6,,
73e91dda-0981-4b2b-bf9b-70b766e05fce,2023-07-21 21:52:00,-30.53,,
0acbc12a-7a2d-48fb-b063-d2ceacbf4095,2023-07-22 03:47:00,-23.96,,
578403f9-ec84-43d4-bc2e-2392bce956be,2023-07-22 16:02:00,-36.03,,
58ec76e5-2e5a-42bf-9221-49bdc1612133,2023-07-23 18:00:00,-79.27,,
91a5b48e-8cb1-4f1c-aa42-d21fe972fb6b,2023-07-23 19:30:00,-23.8,,
a5d0a79c-2cb0-43ed-b823-ca318e1f49df,2023-07-24 19:51:00,-23.37,,
b15ee595-0f49-42c5-b9e7-a966ad42caae,2023-07-24 17:49:00,-899.99,,
9a33c5c3-b525-40c4-8be9-14d4e5561433,2023-07-25 14:57:00,-31.05,,
bc5f803c-e65a-49d1-aff9-15b825dd90d4,2023-07-25 14:56:00,-36.0,,
bf653518-839a-4e31-a802-9fe999219135,2023-07-24 14:47:00,-39.0,,
ee967df0-82b8-41de-acff-f88be267d9c1,2023-07-24 14:07:00,-38.0,,
fe1744fd-4190-4a7f-8300-08d8bd16672a,2023-07-26 10:36:00,-35.06,,
1ecc7477-cf6d-466b-b482-747980c8d472,2023-07-26 18:38:00,-28.12,,
37ddfdac-6c16-4219-953b-31739c4f80cf,2023-07-27 00:42:00,-59.99,,
39688a31-c8c2-406c-980f-9abb3ef2a632,2023-07-25 15:54:00,-67.0,,
e20e0af5-b4d0-412a-b22b-6046ef675ee0,2023-07-25 14:59:00,-35.0,,
5190bf2c-0b09-45d5-9031-95849a7229e8,2023-07-25 14:08:00,-42.0,,
03714d11-fb87-44b6-b09a-c1d6f570f434,2023-07-25 13:00:00,-50.0,,
04b5449f-aa17-4769-ad75-51c335332cb8,2023-07-25 10:58:00,-89.0,,
ec445fd2-8dc0-4597-bc89-e7e74b831c2d,2023-07-25 09:52:00,-96.0,,
8d8b43b7-8a21-4785-a6c1-61bb91721025,2023-09-01 18:38:00,-64.94,,
e01d9bbd-b709-4141-aa47-0f111f21a843,2023-09-03 05:58:00,-44.99,,
045b0f45-2534-433b-b753-2eb31c1f750d,2023-07-27 19:50:00,-24.9,,
364ac382-a9a5-444e-9b3d-a9ed6026915b,2023-07-27 21:08:00,-15.16,,
da12aaac-abdf-4a84-b2da-1edea9f149ae,2023-07-26 18:04:00,-44.0,,
93ab5401-95a3-4a7d-b8c4-9b2389a5f6a7,2023-07-26 09:49:00,-36.46,,
80cb96a5-9846-4716-9571-5fb542474725,2023-07-26 09:40:00,-39.84,,
21160c17-2c7e-4884-a4f6-95d0a4138b9d,2023-07-29 02:09:00,-36.4,,
52018e24-0b0c-4a2e-ae00-77a70478d035,2023-07-27 12:28:00,-68.0,,
977720e3-8d7c-473a-af1f-3df077458533,2023-07-27 10:16:00,-70.0,,
fd284cea-65fa-4af9-ba5e-a7899af70ce1,2023-07-26 19:51:00,-40.0,,
f55138d2-0507-4880-9c6f-dfd365348fee,2023-07-30 09:44:00,-31.0,,
9b6b8ed1-08a7-4ea4-93d8-e496bad97013,2023-07-30 15:55:00,-46.85,,
2d04b50d-c441-4e31-96b9-cab933a63978,2023-07-28 18:01:00,-57.0,,
c802da28-0c86-49d7-bf1f-712ef09772d7,2023-07-28 16:17:00,-59.0,,
dfbfd743-0cba-48bf-a962-3132704a634f,2023-08-01 17:53:00,-43.53,,
f0e7d375-5f8e-430f-ae9d-1d06a3a447d5,2023-08-01 20:14:00,-59.96,,
54f50b80-fd32-4c76-91a8-7f790b7a12c3,2023-08-02 11:26:00,-38.66,,
1daf1569-6895-4add-81af-21d6bd69bab4,2023-08-02 13:01:00,-50.92,,
48f24bd7-2848-4c22-8b7c-f6a4be8bc4ac,2023-08-02 13:00:00,-50.92,,
3de41b26-8abc-42df-b810-dfff808bb91c,2023-08-02 13:00:00,-50.92,,
8390202f-c775-4c98-9067-4d51f226e0f9,2023-08-01 11:50:00,-42.0,,
e40eb500-310c-434c-a13e-7e78d273fce0,2023-09-05 12:27:00,-38.25,,
073df312-2a56-448f-81ea-37becc45ddfb,2023-09-05 14:07:00,-45.23,,
52689349-4e84-4064-b1c1-28959793f1ef,2023-09-05 15:43:00,-101.0,,
45027d29-ed58-4cbf-9125-3b5dfdf5a36b,2023-09-05 15:46:00,-66.0,,
69eaa861-4240-4b14-8ac8-d07b17ea3562,2023-08-03 22:11:00,-32.76,,
094adc47-998d-4614-965c-b714fd7e9f64,2023-08-02 09:32:00,-58.0,,
2f7eb49c-320a-4542-93bc-a9f1d65ae3bf,2023-08-03 13:09:00,-50.0,,
aa7713ef-54fa-4cf4-b827-1baa53a36748,2023-08-03 11:45:00,-111.0,,
285311d9-c633-420c-a4fe-e9fdb410a0bc,2023-08-03 11:40:00,-57.59,,
83592abf-05b2-414c-8958-a4d29720278b,2023-08-03 10:26:00,-46.0,,
dbf578dd-ea7c-4c8c-aa1f-732413280d86,2023-08-02 19:20:00,-21.0,,
0d8d54bc-8e91-4c8d-bed9-413462b9dec2,2023-08-02 23:44:00,-64.94,,
94e9e19d-6642-4fa2-bd61-193685d36dc8,2023-08-04 08:46:00,-26.69,,
f126e420-82f0-4a18-bd2d-a1c4ca77a5b5,2023-08-03 20:56:00,-12.2,,
ff176e7d-a10f-445a-a324-05c0530dd091,2023-08-08 12:51:00,-20.48,,
15ccae77-0ba1-40cf-a9d7-f92e643a81de,2023-08-08 21:16:00,-59.98,,
c768f0cd-0105-4279-840b-47f27b64e6fe,2023-08-09 06:15:00,-28.56,,
7b0b6ba9-cd8f-451b-a82b-4708c0649fff,2023-08-09 10:55:00,-73.63,,
ac70fdcf-7eba-4621-987b-736bb931c6f5,2023-08-09 09:17:00,-31.7,,
7dbaa4e0-cd36-48e5-8895-8ce4153be5b6,2023-08-08 13:58:00,-18.93,,
d5e13f21-1bc0-41ca-858e-0df396384d64,2023-09-13 08:42:00,-49.97,,
ee3464ef-e2a8-49ef-bade-ca0e9110d61f,2023-09-12 12:44:00,-44.86,,
61c5b2af-f94a-4a3e-bb7f-32992f1cf595,2023-08-10 22:53:00,-24.97,,
9da7c4dd-3a30-4017-bbc6-65e0301a7c5d,2023-08-11 09:50:00,-67.0,,
2950a3ff-6832-41cd-b28e-b1fee17c6cad,2023-08-14 21:38:00,-42.03,,
3ab6b2b7-1fd2-464c-9d2d-d59f2ba76ff9,2023-08-14 23:01:00,-37.09,,
e6ee9fd7-c908-4739-8bca-c44ef9662502,2023-08-12 08:55:00,-20.94,,
1e48f352-fe58-496b-9deb-7098f5f3d138,2023-08-13 16:14:00,-29.06,,
0fb747dc-d07e-47fc-8ef0-723cfdeae1c7,2023-08-14 13:05:00,-42.21,,
0b133676-4b93-4834-b01a-6320e7e87afe,2023-08-11 21:42:00,-67.98,,
69e43c7e-af78-4610-832b-b3eb2d79f5c7,2023-08-15 12:29:00,-59.95,,
bc826398-9c20-47de-b865-bb2376912721,2023-08-16 11:58:00,-32.21,,
da4b6da0-adb8-460c-a5b2-88114e1d5481,2023-08-16 12:12:00,-59.92,,
4d86c2de-9035-42c1-83ac-66a489ddd212,2023-08-16 14:27:00,-39.96,,
3a55b5dd-90f6-4156-a4ab-bdd5778c9087,2023-08-16 20:51:00,-27.64,,
18a6416f-27ff-4531-bf7d-ae500db62f79,2023-08-17 20:27:00,-28.66,,
f5945024-b286-4ed4-a7ca-7ad1b5aab933,2023-09-06 21:02:00,-41.82,,
2cddbbac-51e9-44c9-8a1e-7e9785fec9ad,2023-08-21 11:45:00,-24.91,,
ca20e977-7814-4a14-992d-f46e7195bdba,2023-08-21 19:24:00,-59.92,,
ed1d4949-d3ee-4725-bfce-64a80e9369ef,2023-08-23 12:20:00,-13.82,,
667cc297-3a05-42a3-ac02-6e2eea64b9bf,2023-08-23 12:04:00,-54.98,,
50d6b438-e9fe-456a-b407-bd15343058ff,2023-08-23 15:33:00,-31.74,,
4d23ba1b-54d8-47e2-a234-006307a9a33d,2023-08-22 17:42:00,-59.76,,
4879692e-1c44-43fe-bf9d-359bb90c9618,2023-08-24 14:21:00,-46.71,,
d14c5db9-6b85-458c-afd7-16c5783f24e3,2023-08-24 15:43:00,-55.51,,
e6ae63fb-df91-437a-8ae2-0c3b57e56abf,2023-08-24 16:17:00,-69.57,,
fae26894-5633-4235-89b6-36bd5c8a8525,2023-08-24 17:34:00,-41.26,,
70ad06c1-8528-4cab-8465-3cf7cbcbbb58,2023-08-24 18:00:00,-24.95,,
b5e704eb-7eec-4956-8d40-f96283e07429,2023-08-24 18:07:00,-34.98,,
3b8c289a-53f7-402a-8485-f644b681cf68,2023-08-24 19:39:00,-64.96,,
cb4e70c6-e413-49ac-b015-807ecea23c55,2023-08-26 04:53:00,-41.95,,
22f95f7a-e533-4005-a5d1-c864dc5edc0e,2023-08-26 18:51:00,-24.53,,
5196d176-a3ab-4217-9721-ce066a821d70,2023-08-26 20:42:00,-54.22,,
25e71abd-3b23-417e-8bdb-0e1555f6a487,2023-08-28 13:41:00,-35.64,,
76b06a37-e791-4756-8968-29f4096be990,2023-08-28 16:17:00,-37.0,,
a06ca511-ee43-449f-a073-e0d0400829e0,2023-08-28 19:30:00,-19.09,,
3b4f8542-0dbf-4566-8b85-e42189160839,2023-08-28 21:43:00,-60.42,,
ae768576-a82a-4a30-a25b-1009bb4eb470,2023-08-25 11:08:00,-56.0,,
ed05c9af-75b9-473d-a4c7-ad1c03db472e,2023-08-29 16:49:00,-53.16,,
924ea028-6cb9-4a1d-9de3-1153dc38b3d6,2023-08-29 17:30:00,-29.96,,
406b8a7a-0676-4f5a-a7cc-e52200e0c8ef,2023-05-16 13:59:00,-5.16,,
6d858f06-b37b-4e09-81ff-94dd1c474345,2023-05-16 13:59:00,-0.28,,
5777dbef-7ccc-4373-935b-7c0d1fe2386f,2023-08-30 12:16:00,-43.95,,
c783bb27-8480-4875-bd8a-6b30013bb8ee,2023-08-30 22:48:00,-38.23,,
b3e4cc60-8779-4352-90d4-0fcd7de7ac67,2023-08-30 18:17:00,-19.97,,
580f1d1b-a922-448d-9408-3f4c19b6ddee,2023-08-30 18:25:00,-21.94,,
f9a3a4c2-d764-40bd-bc7e-1bd14e60ea71,2023-07-24 16:01:00,-8.5,,
ee71f9af-24be-4ebb-ac3c-68c8c42b94ec,2023-08-31 17:07:00,-48.0,,
bfcd0a25-ca93-4326-9047-03083bcda750,2023-08-31 08:54:00,-59.92,,
45861f28-2197-43a8-bddb-831dee45d65a,2023-09-01 00:01:00,-25.68,,
0a25bf76-245f-4b20-baaf-cd3aeae012b7,2023-08-29 23:01:00,-73.47,,
d44a323c-94ad-40b0-93c7-da86b8297b52,2023-08-29 20:30:00,-103.0,,
6f5bb631-7f15-4081-bdd7-bf21cd0c7c7a,2023-08-31 23:43:00,-31.77,,
0c509023-e85c-4955-999e-edc27ee3e865,2023-09-01 00:10:00,-64.96,,
521ae9df-75d6-419d-8c4a-20be325cd1bc,2023-09-01 00:07:00,-64.97,,
19ae242d-3d7c-42aa-9830-faee7038c2cf,2023-09-01 00:02:00,-64.95,,
0c7a72db-d00b-4aca-9bb1-c7816feb5744,2023-09-01 00:02:00,-14.93,,
ad2571e3-1f36-46a2-a73b-bc43d8278812,2023-08-31 15:15:00,-57.0,,
3ed3e974-1136-4f48-a020-b955367a3f45,2023-08-31 13:25:00,-117.0,,
0105f373-0dd6-456f-848b-17b31fa0055f,2023-08-31 12:33:00,-78.0,,
48754f9b-8b65-407d-af53-0e6327f06dc8,2023-08-31 00:37:00,-54.9,,
16a73fcb-1c40-4762-a62f-879ab31ec971,2023-09-02 18:37:00,-14.95,,
b93b25a5-9438-44dd-b193-10a1ae9021f5,2023-09-04 18:44:00,-12.44,,
d615f7b9-ad40-4645-aae8-2e34824d4c4e,2023-09-04 20:13:00,-37.95,,
1728cef2-1ac3-4f89-a299-608365688140,2023-09-04 20:40:00,-44.93,,
59712a02-a2bb-43b5-9e5d-ec76dd378f71,2023-08-31 23:34:00,-32.5,,
d27ffb33-f5d4-41c2-8f0f-b0957dfe602c,2023-09-05 21:56:00,-29.93,,
4c6a3490-e112-4a94-a68d-0abb1935d6cd,2023-09-05 23:19:00,-76.2,,
ebe30307-747c-49b8-a676-b1f30403505b,2023-09-04 14:27:00,-42.6,,
8600e4e9-fe91-47ae-9195-4cadef7bb478,2023-09-06 14:19:00,-39.18,,
162f2dab-67da-42b9-a896-60b12bb7dfe7,2023-09-06 15:52:00,-39.39,,
155afe0f-58f6-4c83-a17a-c5ab8377ed2b,2023-09-06 13:50:00,-5.46,,
818ef9c1-3c31-4a21-8afb-7d0be1d8ae60,2023-09-06 15:29:00,-13.92,,
3ca31993-32dc-4a92-891b-7ca264f64920,2023-09-06 15:40:00,-13.91,,
b494dc89-8bf5-4e03-bec9-2ce8c4ac5154,2023-09-05 16:58:00,-26.0,,
f1100b5f-1a8c-4642-adb1-831d9d15e561,2023-09-04 23:29:00,-28.37,,
c5140d93-29b6-4715-9664-40996005769a,2023-09-08 15:52:00,-29.94,,
c071e19f-6012-4ce0-a06b-c52b8ad44760,2023-09-11 15:25:00,-52.95,,
c576d857-62be-4ed8-896f-b438ff47fc43,2023-09-11 19:41:00,-27.92,,
12fb5249-3ac0-4923-a813-614847538c88,2023-09-11 19:38:00,-28.96,,
bba8c25d-7980-4758-b4e1-1bb053980d24,2023-09-11 20:00:00,-44.29,,
96683e22-0099-4bff-b637-b1890f2a47e3,2023-09-19 14:54:00,-26.97,,
939f1b93-5ec4-42c5-9340-f834bf7acd78,2023-09-11 21:41:00,-38.82,,
c4a5da2e-9f37-4a18-993b-30f4188ab814,2023-09-11 20:43:00,-27.57,,
c3ce0790-1c91-4e93-8979-d4a8cb8e8c10,2023-09-12 11:44:00,-37.47,,
d829384a-66ae-4080-b9cc-6d9c6f8f9908,2023-09-12 09:23:00,-40.14,,
dd66201b-f8db-47aa-ab6e-a5295d281139,2023-09-12 16:03:00,-53.95,,
168937cd-9afd-4264-ae43-2e6262b85632,2023-09-13 06:08:00,-40.76,,
399a1b81-fb16-4aa0-bbf9-c7f9eda21e26,2023-09-20 11:40:00,-14.27,,
4ace5484-81d9-4778-ac63-fd88c570a54b,2023-09-12 15:18:00,-92.0,,
d97e3d3b-568a-4d51-9e8d-ecfc8dc9dbe9,2023-09-13 16:04:00,-39.91,,
74a5ee8b-6177-4207-af89-f132c3ddda62,2023-09-12 13:29:00,-45.0,,
762074f7-1a89-4bab-b682-e072794e217b,2023-09-14 15:23:00,-73.0,,
816b4f95-633c-4ca1-9d87-4b1c0c96e3f5,2023-09-14 11:51:00,-39.9,,
d6862c78-476f-4f15-8cc8-c6c743645f57,2023-09-14 13:54:00,-65.69,,
d838dc92-a969-4eb9-9b87-2b0f4b9877ce,2023-09-13 09:26:00,-48.52,,
7c01a1c9-898d-4911-8093-e24661abd33d,2023-09-13 09:16:00,-69.0,,
b1dd6a45-bbb2-4cfd-903f-ed34e9ded98a,2023-09-12 20:16:00,-59.94,,
7fab5114-4394-4895-8b6c-76607fbf204c,2023-09-12 19:53:00,-45.46,,
cad059b9-1837-46eb-9949-d55c1eae4434,2023-09-15 12:30:00,-19.99,,
9abea6b7-c618-49fe-be86-c558992ca239,2023-09-15 13:45:00,-12.83,,
b9e1170b-5280-483c-a84c-12873a779465,2023-09-15 15:15:00,-15.78,,
40e87387-f44e-4f3b-82f6-51dda7514546,2023-09-14 17:33:00,-25.0,,
dc8ec86d-95ef-4a54-99c7-c2151618fca4,2023-09-14 13:25:00,-72.0,,
bb3029b8-f04c-492c-b9c4-7da40c59bf0a,2023-09-14 11:56:00,-64.98,,
2be0599a-4366-49fb-8be5-6f3a3802a88a,2023-09-14 10:42:00,-41.89,,
4e39ee0c-eae7-464b-b14d-7ebf51df7639,2023-09-16 06:18:00,-49.91,,
f377186d-3e63-4b7d-afd9-a1d964c12e4e,2023-09-16 07:55:00,-16.26,,
5726a8f2-24ff-4204-97aa-5ef239c8b51a,2023-09-16 23:13:00,-16.22,,
82dea276-6bbf-4f64-a1a3-066499329097,2023-09-18 12:27:00,-36.39,,
afb34e52-5ecf-40b6-8252-2e7908e5081b,2023-09-18 15:02:00,-39.96,,
b739e787-98ef-49d6-a14e-e6496fe9cf19,2023-09-17 09:08:00,-34.0,,
71e7e35a-a1f3-4eac-88ed-d78dedc01866,2023-09-16 20:15:00,-36.0,,
fd5ec4f9-6cb1-458a-9390-5b796da96f6e,2023-09-16 18:16:00,-64.0,,
8ca48b84-6d90-4316-9cba-42ae5f7cea15,2023-09-16 16:21:00,-70.0,,
d0abc3e9-8cde-47ed-8752-d17eaa150af9,2023-09-15 17:59:00,-63.0,,
add9eee5-c29c-43ae-a197-882bc0fee67e,2023-09-15 15:24:00,-70.0,,
f37fcf1c-2c59-4018-8c29-317e56c12586,2023-09-20 14:51:00,-63.0,,
2bfae2fa-5a79-452a-985b-c6e24ae48528,2023-09-20 15:56:00,-40.0,,
8b711827-a96e-4fb1-9fcf-d3ace3c4f4ec,2023-09-20 18:12:00,-16.8,,
1ac8a5fb-5b32-407b-b369-531b64b54095,2023-09-21 12:21:00,-74.11,,
7e7d83dc-019b-43f1-839a-98b253e25fc1,2023-09-21 13:01:00,-29.9,,
b931674f-3836-4ca2-b3e1-c316c98e5cc1,2023-09-21 15:20:00,-110.38,,
ebcb6932-251f-43fe-ac61-ce3fef74962b,2023-09-22 12:08:00,-82.03,,
f69eaa4f-b9f3-41b1-a27e-f09e7fe1b44b,2023-09-22 12:08:00,-1524.68,,
212eabfe-c924-4422-999e-978bde78d4fa,2023-09-22 15:47:00,-1524.68,,
052be23f-254e-4293-9398-aed72b647ac1,2023-09-22 19:08:00,-82.7,,
b9c99cdd-b151-44a4-becf-4dc95ebe7f0d,2023-09-24 20:01:00,-84.39,,
8307685d-2e72-4233-b46f-28b28ce5484e,2023-09-24 19:57:00,-84.79,,
98597018-6854-47be-ac2f-268d54888475,2023-09-25 13:16:00,-39.98,,
572d5888-599c-4806-8c26-feca78311925,2023-09-25 17:51:00,-84.94,,
a7c66982-a9cf-4bc9-b300-fd16ddc48ae7,2023-09-26 09:51:00,-39.33,,
5b894ef6-2ad6-4f8c-9755-5c442130c81e,2023-09-29 17:11:00,-15.44,,
868f2ce1-9344-425b-9bf5-7f9a31f603e7,2023-09-29 17:38:00,-103.0,,
7f74cd57-0117-4dff-bcba-ff93f90a213f,2023-09-09 10:15:00,-497.44,,
0da9254a-e9a5-477c-b297-4bae85f913a2,2023-09-29 21:07:00,-64.91,,
6781bcb5-d6d7-4a5c-a7fe-95f93f316dc8,2023-10-01 04:44:00,-67.31,,
c1d49ff3-9229-4aa3-9f82-2fc10f698804,2023-09-27 19:08:00,-34.99,,
2ed1f0b9-d1e1-4a05-aa76-67565cc9a96d,2023-09-28 12:07:00,-55.0,,
29ea5226-2a35-4982-8469-39a291ba70d1,2023-10-02 16:27:00,-5.0,,
459ff8a2-1734-429e-b962-0415dc26b79c,2023-09-19 11:19:00,-40.95,,
1339118b-1759-408b-bcef-1e1a7dc99db0,2023-09-19 18:44:00,-39.9,,
861d260e-c06f-46e9-9b5b-5ebb7f9eba25,2023-09-19 20:25:00,-74.91,,
14df78a1-66b6-45fe-bff7-b40363b155c1,2023-09-20 08:10:00,-57.28,,
9ec09138-f232-4bce-8a83-e7c4a6898d16,2023-09-20 12:28:00,-39.91,,
161067b0-fbd0-4813-b059-e846f956be70,2023-09-19 16:20:00,-51.0,,
6773590e-6355-4a5f-b4f6-492962b1b222,2023-09-19 15:05:00,-53.0,,
88244fd6-7588-4c23-ab9d-0a67c75fa04a,2023-09-18 22:29:00,-64.99,,
ad6526cb-5def-4375-83ad-5d02a5e9075c,2023-09-21 19:01:00,-54.95,,
3f9f93ee-6fd3-497b-acdb-e4fe75bbf6b7,2023-09-20 13:43:00,-53.0,,
d371b525-f65d-4341-bcdb-0d73c8f8c9f1,2023-09-21 23:24:00,-14.5,,
a9b91053-6432-4610-842b-b9674359d91d,2023-09-20 23:51:00,-69.91,,
4dbd62ad-f163-43a1-b4f9-917267140f38,2023-09-20 20:51:00,-52.89,,
c05e8c26-d6d7-4db5-bd4e-587480ffa6be,2023-09-25 11:18:00,-52.6,,
0051e600-7e4a-49b2-9f33-33dc9a84b07c,2023-09-23 03:04:00,-66.14,,
32899451-523c-4b2f-bbe5-dfe5befc578c,2023-09-25 10:47:00,-39.34,,
36ff4a76-add5-4109-886b-b389e163bd90,2023-09-27 11:06:00,-39.92,,
6eace8fa-2017-4342-a920-a4ad55e793e8,2023-09-28 00:18:00,-74.94,,
0694d6b9-d4eb-4b45-b1d6-895ea51050db,2023-09-26 15:14:00,-27.0,,
4659b321-5eb4-43df-a39b-0a97d170fa24,2023-09-29 12:27:00,-39.91,,
cbb812ed-2721-49ac-b673-923517580c06,2023-09-29 17:12:00,-16.0,,
057f9875-ad22-4d90-a875-ff17f2809476,2023-09-28 14:02:00,-39.0,,
28f3a513-f507-47ff-8de6-5a5a7bcb73a6,2023-09-30 14:47:00,-89.9,,
4dac5020-f9e1-4d2a-9411-cc0596c96f4f,2023-10-02 10:47:00,-73.37,,
9420fb91-db40-416b-aed1-803dcf979944,2023-09-30 13:33:00,-41.0,,
0a025b47-c5cf-40d6-8c81-538959fdaced,2023-10-03 12:41:00,-49.93,,
f56be6e3-fe68-4e89-8e4b-70758db59657,2023-10-03 18:30:00,-36.98,,
e97a8e46-bbb0-47d2-a8d1-ec1445dc17c6,2023-10-03 18:15:00,-39.98,,
f510644d-703d-477b-91e7-6a084291277f,2023-06-18 13:44:00,-5.01,,
7e3bb770-e7ae-406c-976c-4eb1d54b53e9,2023-05-18 22:51:00,-41.7,,
ed4ba502-c2d7-4576-888f-b3af43a5c342,2023-05-18 22:51:00,-2.24,,
23cdddad-e623-4856-ab23-51d4e8a53101,2023-05-23 11:05:00,-366.9,,
1fbe4f9b-e0d5-4ee1-8a62-91ee10f8c78c,2023-06-25 21:05:00,-29.47,,
d3591cf1-711b-47b7-9fe2-0d4507c1be72,2023-04-28 12:21:00,-1.04,,
c2b0fc84-2ca4-4731-88ba-8bb36b0b9cb4,2023-04-28 12:21:00,-0.06,,
e6478788-65ae-4297-83f8-39ebb7803797,2023-06-18 13:44:00,-0.27,,
62ec11d8-534e-4441-9a9e-4e971b1f148c,2023-06-17 17:04:00,-177.97,,
e5587c4e-a494-4799-88fd-3762ce4a7ed7,2023-06-27 17:06:00,-129.65,,
473779ab-e7fa-4df0-a593-5eb6dbeb7475,2023-07-06 21:50:00,-142.6,,
df1bfefb-b44f-402a-9b09-9da474e7284d,2023-07-16 15:18:00,-97.1,,
393e5584-c960-4d52-b282-32f041521293,2023-07-24 10:43:00,-77.55,,
5619f0a3-63ac-4572-b10c-272074b47c86,2023-10-14 08:07:30.067496,64.08,,
7c63cf90-e0db-4308-8fc1-379ea7ac9a6b,2023-10-14 08:07:30.295652,133.5,,
eeaa534f-4a27-4418-a2eb-c794da61be3a,2023-05-23 16:43:00,-1.0,,
8b14f9d4-23a0-434c-869e-96ed13a4f8a3,2023-05-16 15:20:00,-155.69,,
3ef5a665-f254-471f-8e44-ab503cf4585f,2023-10-14 08:07:41.196149,9.4,,
092209d0-f343-4491-989d-63a9c739fcad,2023-05-16 15:20:00,-2893.83,,
eaa9f42d-63c9-4b80-b3fc-76fce9a4e710,2023-04-28 16:08:00,-4108.25,,
e1fe9b42-ee5a-40aa-9ac0-ce167edfa928,2023-06-07 10:20:00,-8431.37,,
e411af48-f4c9-449e-a038-97b6a3dfcc5f,2023-05-30 20:36:00,-35.53,,
1de7830b-65c8-4b27-a6a6-415dd0b668ab,2023-07-25 08:00:00,-11.23,,
3bc6113a-6358-400e-a587-20b44e91cd4d,2023-09-13 10:25:00,-32.28,,
cf58e84d-8a99-46fc-bfb8-73de2e4c2c97,2023-09-19 11:45:00,-960.0,,
841c66a5-32cb-49a9-8a25-add32f3b9aa4,2023-04-28 15:23:00,-15.85,,
2cdf0459-be77-4e35-a0f6-7d3eb1249364,2023-05-02 18:33:00,-48.95,,
9aee19aa-b768-47a2-8aa4-725da05e2558,2023-05-02 18:24:00,-39.96,,
6722288a-76f3-483a-abc1-4b6f4949a697,2023-05-02 18:20:00,-40.13,,
83f2c28e-3d64-41c3-a9ae-b752e68f09dd,2023-05-02 18:13:00,-41.38,,
ef91fa77-389b-4f02-89af-f0632731297f,2023-05-02 18:59:00,-35.8,,
922577b6-08ee-4af8-bffd-9733df52d0c5,2023-05-04 18:17:00,-49.9,,
51b453b6-0483-4869-ab75-79f524e1656b,2023-05-12 07:55:00,-67.88,,
513c98e1-feeb-44c7-9e97-46377bcac773,2023-05-10 08:55:00,-64.45,,
66a6adeb-ce32-481a-96e9-6fe725c27c7a,2023-05-10 08:50:00,-36.65,,
3b3b30f2-c557-45b7-9cb8-bd06a1e086bc,2023-05-10 08:46:00,-36.58,,
8aca01a5-18cb-4d0c-91c4-4d6a28849f2b,2023-05-10 09:07:00,-49.96,,
d9045709-1923-453a-a4d2-e31e15288d3e,2023-05-11 11:33:00,-49.94,,
92a2b6e7-5398-47f8-8210-13c647826c54,2023-05-11 19:09:00,-39.96,,
1e63127e-98eb-4f5f-b05a-e74378315146,2023-05-05 13:21:00,-26.05,,
9000f948-7f14-4293-9b72-972e0fb5337f,2023-05-05 13:21:00,-1.4,,
6287519e-9b2b-4ff5-9e77-203bcf4138b3,2023-05-12 14:45:00,-38.82,,
aa57103b-7a37-417b-9df8-f492fad3f0b8,2023-05-16 16:27:00,-44.9,,
117f5015-a0b5-4492-b36e-db4b72a8fa33,2023-05-16 15:58:00,-44.07,,
a99e0243-8953-43f3-80f1-2b7d2be72ca0,2023-05-24 08:48:00,-32.85,,
cdf2dcc6-5e14-4063-bc50-2f347ed79e3e,2023-05-24 16:58:00,-64.9,,
e9631142-44ca-4dae-8dd6-bbe570f4c783,2023-05-26 08:32:00,-54.97,,
6ae12796-a71c-4a2f-9dce-aa1c6bb71d65,2023-05-26 14:12:00,-32.48,,
d361497a-6f81-4f7e-9440-da6683d317c5,2023-05-26 16:21:00,-44.91,,
d89e96dc-6f73-4b70-9207-cf5385bf8faf,2023-05-26 20:39:00,-35.67,,
4aa88152-697b-4b03-bf50-0c5fd9d9c56c,2023-05-26 20:35:00,-36.09,,
3be471c6-1443-4a5b-843b-d22a8feefbda,2023-05-24 18:46:00,-104.42,,
ffeb3d90-c034-4f8a-88f7-70865a19f4a2,2023-05-30 06:30:00,-24.91,,
37d5b7b6-4782-4222-b7a4-021709e08ed1,2023-05-30 14:02:00,-21.68,,
56df1ded-0bfa-4cf8-b55f-49f2b1425f7c,2023-05-30 16:09:00,-45.24,,
28e7e95d-62b4-4e3a-a176-b0f6772f09fc,2023-06-20 07:11:00,-35.33,,
c0df3738-c68c-4aa5-b617-1dde75012f70,2023-06-20 10:12:00,-56.28,,
15518624-8bb2-4de5-b8d8-b8553f5d8afc,2023-06-28 09:54:00,-49.99,,
3a2ebf95-d53b-4e2e-80fc-83296604301c,2023-06-28 09:47:00,-49.91,,
199b523d-f959-4262-966e-13dc533d7fdc,2023-06-29 08:43:00,-17.91,,
4883c5a5-28cf-4fa6-9580-21a0a5bf0fab,2023-06-29 21:14:00,-34.97,,
9efd43af-25f4-4c14-b47e-8b05901be653,2023-06-30 19:06:00,-32.98,,
71bfe818-d1bf-4021-a9f7-71724210fa81,2023-06-30 19:00:00,-34.94,,
00ab6799-3100-43a5-b13d-f10ffa675512,2023-06-30 15:59:00,-26.25,,
409cb924-70ae-4211-a75a-174e300a38a8,2023-07-25 19:01:00,-27.35,,
17f1c2a0-0047-4bc2-8c0a-fee94547a97b,2023-07-25 11:10:00,-35.16,,
59ff747f-5747-4707-90c8-3cee279706c3,2023-07-25 08:01:00,-35.72,,
819bfc0c-c377-4da4-9cf3-e5aecd74db9f,2023-07-27 08:04:00,-19.98,,
db70af9b-96ce-4a79-a73f-ff65215e15df,2023-07-27 10:37:00,-39.97,,
497fdbe6-4093-4269-a89a-07a37fbb9ebc,2023-07-26 09:11:00,-10.96,,
a4128e3c-c0f2-4ce0-be1d-334f87c88a73,2023-07-25 21:53:00,-14.38,,
092bc9e4-ba74-4bbb-b215-2b100e9b4269,2023-08-08 17:27:00,-49.9,,
56ad95bc-060b-4c58-b56f-0954745c6731,2023-08-16 19:44:00,-73.23,,
06ff07eb-e8ca-4460-aa29-0d11775249d1,2023-08-16 19:42:00,-54.91,,
3db78981-7c81-406d-8f25-38d5092ec5a2,2023-08-16 19:27:00,-88.66,,
02f03050-3d27-45b5-82db-354cbc8352f2,2023-08-16 19:24:00,-59.98,,
d54262da-806d-49ca-b4b5-25e53e367a39,2023-08-23 08:01:00,-67.01,,
156056c3-cbb3-4db6-8a6f-ea9188c5cfde,2023-08-23 20:46:00,-42.41,,
0cf1d916-e19f-4d06-9e7d-b866cc5db14c,2023-08-23 08:19:00,-59.91,,
851037dd-5439-41a9-984e-73a6cb103b26,2023-08-31 15:32:00,-72.34,,
8a09e60e-23c9-4352-a19e-ae1522e16c44,2023-09-12 12:23:00,-68.75,,
488eeda4-e7ae-4736-a7e5-8c3e985f2451,2023-09-13 08:39:00,-52.24,,
1c410042-51e7-4a6a-a4d8-1d8bfd1cc8e7,2023-09-13 14:44:00,-34.94,,
11e3f785-7790-4e59-88b5-bc1a23a07a5a,2023-09-14 08:07:00,-38.48,,
829cd0aa-ed65-4ec1-a2d9-be883a038ebf,2023-09-14 07:41:00,-38.25,,
346677ee-891b-4285-98dd-03053c3ef29c,2023-09-14 07:45:00,-38.3,,
2d0c7567-7d98-4613-8159-c702520dd85b,2023-09-13 19:27:00,-30.11,,
f8e6cd66-4418-4014-93f6-28151e157597,2023-09-20 13:08:00,-35.01,,
271551df-b54b-4bd3-8a18-47cb4e3d6051,2023-09-20 08:29:00,-53.49,,
f0064049-0979-4dd7-a110-30aa27b68a63,2023-09-20 19:07:00,-44.96,,
cd50dadb-7350-41ee-93a9-171180c403a3,2023-09-20 19:04:00,-54.91,,
be870c23-72b9-4825-85fe-7f5e1aa8d45e,2023-09-21 07:54:00,-19.13,,
eab3f111-51d7-49a6-9d9f-141760418f22,2023-09-21 07:53:00,-13.98,,
db2c3876-c91d-4646-8b00-f5d6e7c1de4a,2023-09-21 08:14:00,-84.09,,
a9abebfb-023c-4a8b-b2ce-3f4e8e591bbd,2023-09-21 14:39:00,-25.55,,
69d09bdb-79a9-40b4-9ece-f0526d956516,2023-09-21 20:14:00,-63.8,,
0827779a-c9a6-4f12-afa4-cab9c96bbf40,2023-09-21 20:25:00,-20.16,,
37cbb648-7d89-45de-8e95-17529035c5e7,2023-09-22 16:02:00,-57.34,,
9a9508bb-31e8-47fb-ab41-9550c1f55764,2023-09-22 14:41:00,-44.93,,
8050e213-778c-4c5b-9e2a-2f7e9c7ba504,2023-09-26 08:03:00,-49.92,,
7649df85-6c80-4dcc-9f8c-17b7901d3cb2,2023-09-26 07:58:00,-56.7,,
a211c055-e9cf-4d90-bfbf-4570ba48f3f3,2023-09-26 12:04:00,-12.95,,
e62b894d-3914-4789-a7e8-8369f5b715f8,2023-09-19 12:14:00,-2080.0,,
1ccc794c-1c72-4ce8-b29f-774621b8efb7,2023-09-26 17:55:00,-29.54,,
1f5c518e-ea42-47b1-aa16-f94b6d2ec008,2023-09-26 15:04:00,-59.91,,
9ee212ef-0bdf-463a-99f0-eba992b2db5d,2023-09-26 15:07:00,-30.63,,
a8972bcd-5582-4e0a-85df-47356c27e6fd,2023-09-27 09:48:00,-60.82,,
977c2c4a-db9c-4ba2-817c-e99640444d31,2023-09-27 07:11:00,-51.54,,
f9b98f23-3256-4b80-bfbc-1c84f3376b15,2023-09-27 07:42:00,-29.91,,
02799e63-aee0-4597-a7ab-5661a8bff842,2023-09-27 07:49:00,-31.54,,
0d75b32f-d9c2-4f79-b6a0-bccbb6e1fb0a,2023-09-27 07:50:00,-47.99,,
c96bc2fa-5ddd-46bc-beee-5ce9c6111730,2023-09-27 08:26:00,-46.44,,
a81830c5-fb67-4413-9c18-87b75f146b5e,2023-09-27 08:28:00,-57.48,,
501c2ef9-49d7-4b93-bc68-cc271cefb1dd,2023-09-27 08:41:00,-22.35,,
9447d2e8-a2fc-4efb-8c41-c94f040c79c1,2023-09-27 18:18:00,-55.29,,
fd89d7e1-da41-418d-b365-4c6d64987058,2023-09-27 23:36:00,-29.11,,
22fb1138-2eeb-4f0b-a4a2-4efdfeb499bc,2023-09-27 18:17:00,-43.91,,
84724180-8542-4aa8-b3da-fdd62864a929,2023-09-27 18:20:00,-40.91,,
ae55c4a6-8920-4163-b4db-adcf04b8baaa,2023-09-27 18:22:00,-52.14,,
d7b942b0-b759-47b0-b0cd-2b82e47af9ab,2023-09-27 21:19:00,-26.13,,
f7c159e5-25e6-4ce5-b437-b0e4b144fdb7,2023-09-27 21:20:00,-24.97,,
a85b5508-e960-42c6-a230-8577452e9ec5,2023-09-27 21:23:00,-24.17,,
02ac207d-39c2-49cf-b50b-6116fe29d6b7,2023-09-27 22:26:00,-24.94,,
5e59fa80-d143-4cda-9f42-59d0a98727a8,2023-09-27 23:43:00,-28.06,,
e4e3506f-f2c3-498e-a128-97b77b5e2429,2023-09-28 10:21:00,-34.54,,
9d8f46c1-7a5c-4187-8d52-590210af5cad,2023-09-28 19:54:00,-45.38,,
ada93761-4da4-4465-82bf-0c85e4860080,2023-09-28 20:04:00,-64.91,,
a0b8894b-ecf0-474d-85b0-76efeb66c6dd,2023-09-28 19:44:00,-55.55,,
46c595ac-38b4-4bfd-8848-bfa385fb8daf,2023-09-28 19:48:00,-34.84,,
baa83212-cfc1-4248-867f-fccb3f11db79,2023-09-28 19:52:00,-30.72,,
0a6a8ac6-0b72-4bf4-917c-bd88acdea51c,2023-09-29 16:19:00,-54.23,,
28d76605-76c8-4343-a0d5-db8be8fee194,2023-09-29 12:19:00,-39.93,,
0869c936-e0f0-4733-b4b1-e6d6bf58abfb,2023-09-29 19:17:00,-46.45,,
6c273f6f-a507-439e-ad37-7bbc3427a8e4,2023-09-29 19:21:00,-44.72,,
27c9327c-99b5-4579-b9eb-d96287cafa1a,2023-09-30 19:06:00,-31.02,,
499a6416-524e-4a0b-b059-047c4f5ac699,2023-10-02 08:04:00,-74.71,,
c693cdbc-bf53-4a97-bd3a-24945727db0a,2023-10-02 13:16:00,-54.79,,
b453ac29-2218-4b79-bb82-1fab86f2b8cf,2023-10-03 09:58:00,-12.67,,
c147ee9c-3989-4410-938f-2feb69faf7e5,2023-10-03 09:48:00,-13.03,,
ed516885-4732-49e6-b499-c8dabc929d69,2023-10-03 09:56:00,-12.69,,
bb401c7d-0c53-4d53-ba14-d4b002fe60de,2023-10-03 20:17:00,-18.63,,
44ee2a8e-4c60-44e1-818d-78f4ca1b8157,2023-10-03 20:05:00,-25.19,,
c56d7202-7dc3-4dab-8923-307b140abc95,2023-10-04 04:53:00,-79.94,,
16a8c017-8f19-45d5-83fc-044c3372ceb3,2023-10-04 08:20:00,-16.32,,
2710ea37-8c61-46ef-8b38-8863545cfc55,2023-10-05 18:20:00,-24.04,,
7b6ddb31-889f-49fe-bc1a-969e133e10af,2023-10-06 00:19:00,-36.22,,
f86fdeb8-86e4-4afb-b27c-3bd26ef7b921,2023-10-06 01:02:00,-24.27,,
4fbe65d0-2be9-4bed-84ef-696bbf1477ac,2023-10-06 09:38:00,-51.82,,
d9051aa7-3d37-4512-b1b4-bd74c390ad40,2023-10-06 14:31:00,-62.02,,
49d1076e-f466-411f-890c-09473e03f1e2,2023-10-06 20:06:00,-32.5,,
0cacb131-abc8-4249-a4a9-cfa7636202be,2023-10-06 00:48:00,-24.21,,
2adf262f-a691-4072-9459-6ed1b28c7f4b,2023-10-10 18:12:00,-44.03,,
56db8b35-21fe-45ff-a59a-2da8aeaa9b81,2023-10-13 16:00:00,-13.98,,
d460150e-067a-4dcc-a9db-cd870033d911,2023-10-19 11:34:00,-44.58,,
a45b11f2-2b9b-4455-8b73-9912a8892823,2023-10-19 08:03:00,-65.23,,
8f474b4f-6128-4e37-89e3-1fc4aa08d650,2023-10-19 08:06:00,-66.74,,
309d5076-205b-47fa-b959-2feb48d41f1a,2023-10-31 09:34:00,-400.0,,
78b1faf3-26e3-4d63-9806-c41b80bce650,2023-10-16 18:03:00,-144.2,,
38be3629-9cda-41e9-9eb4-c3a176214598,2023-10-31 14:15:00,-107.63,,
849b0da0-9306-4d04-968f-0f7ccd4167bc,2023-10-23 15:08:00,-135.25,,
1ebe629d-7cce-4732-ad54-2d13d0d760b3,2023-10-23 15:08:00,-134.79,,
41708c8f-0062-494c-9690-c848811ad89f,2023-10-14 08:07:36.624531,17.9,,
f7056ec7-c3b5-49c9-90a2-351a8410012a,2023-07-26 18:37:00,-18.85,,
8c7982af-8e9e-4609-a446-ee3e0615a9c5,2023-06-16 06:53:00,-32.94,,
e4d1b172-e4ce-4106-a450-38e27366f617,2023-07-03 10:08:00,-13.14,,
2c08ef99-55a8-412e-a88e-74af75559ce9,2023-06-16 12:25:00,-20.31,,
ce21ff08-d471-480f-b84b-0b9512cf75ab,2023-06-27 07:29:00,-12.96,,
0f9b83c4-e122-442b-b7d5-4b5e5ca8df37,2023-07-10 18:17:00,-27.72,,
f6006a85-f666-4038-8436-1b6352f54485,2023-07-20 19:02:00,-21.3,,
b7b7c3f2-2c6c-49f4-9842-4b76d73bd5e9,2023-08-15 09:23:00,-11.47,,
c1f0b6eb-8b87-47da-9d34-82136361d1bb,2023-08-15 18:00:00,-26.78,,
d2a6bf03-445c-48ed-9965-437fbc301f43,2023-08-15 18:00:00,-24.22,,
54a818a8-71b0-43af-be45-0377d25b1e3c,2023-09-04 07:42:00,-33.34,,
e4340f34-b85a-40fc-b74e-bf9420cd368a,2023-07-13 19:30:00,-19.99,,
d194d514-d41b-408f-a035-d4bd9c04291a,2023-09-04 07:35:00,-38.33,,
a42d7ad7-658d-4235-840d-aa38595a6d80,2023-09-04 08:31:00,-51.26,,
466bc8c4-245a-4b7e-ac92-1471850c713d,2023-07-01 21:01:00,-238.61,,
c89d5e7e-1502-433a-a1ef-a542ca042adb,2023-07-01 21:01:00,-12.84,,
7848f133-1748-4e73-9cf0-86fb8e1b0f62,2023-07-04 21:10:00,-5.24,,
85ecca23-80cd-40f2-80d1-83f55f46e30b,2023-09-10 20:53:00,-3.4,,
b50926ec-2b49-4b51-814b-b9bffe1cc68c,2023-09-03 18:45:00,-5890.84,,
583245fc-aeff-48e3-886a-800db3127f17,2023-09-03 18:45:00,-316.93,,
371c37ed-f105-4371-964a-9443db7414ba,2023-09-11 23:14:00,-5.76,,
4c2c5583-1f98-46b1-9377-1edfd6c54310,2023-09-15 03:10:00,-1.95,,
cfbf1874-67e6-4b56-a138-c63b30e7d093,2023-09-14 19:58:00,-60.81,,
8d0e0337-7f13-40c3-938a-2ff426841e03,2023-09-14 19:58:00,-3.27,,
8a703fb4-36b5-49fd-8824-1f6e798db60c,2023-09-15 19:59:00,-229.19,,
e0925c1f-7cd1-4ee6-89d5-64cc7ec8ff10,2023-09-15 19:59:00,-12.33,,
04c1d276-dc3a-47df-84c8-3cf1e2aa6aec,2023-09-11 23:22:00,-36.1,,
86a4bc69-f70e-463f-9888-9246351adad4,2023-09-11 23:22:00,-1.94,,
aaf1c58b-910b-4598-9166-2c9bb64677c5,2023-09-15 00:11:00,-48.26,,
63d38ba2-c3f7-4017-be15-30ce4d7a1f75,2023-09-15 00:11:00,-2.6,,
b77b376a-91b2-4681-9fbc-0bfb537fd431,2023-09-16 01:18:00,-59.42,,
66c8ae14-2892-4bab-bb81-405f429fb9fd,2023-09-16 01:18:00,-3.2,,
22ec5ae5-01e7-4e6b-8530-d5982fefb54b,2023-10-13 14:58:00,-63.41,,
ed5cb32f-0528-4020-b49e-6fa60e67d6d3,2023-10-13 14:58:00,-3.41,,
27633dee-3453-4b61-8db7-76f6fcf44b5d,2023-10-14 20:18:00,-170.5,,
01b75028-df7c-4887-b3eb-0ea401a655c8,2023-10-14 20:18:00,-9.17,,
bc0544fb-558c-4a7b-b87b-e3c405552043,2023-10-14 17:53:00,-94.0,,
926279f9-802f-453c-aa69-584a47bc5771,2023-10-18 13:50:00,-247.61,,
cc1c5937-778d-447f-b4e3-e575a16428a4,2023-10-18 13:50:00,-13.32,,
9d837633-e168-42a3-aacb-6a06beb9bb27,2023-10-18 15:21:00,-47.18,,
bf61e2a5-84e9-463a-8c27-ffee7b9fc9d2,2023-10-18 15:21:00,-2.54,,
851b7fa2-77a8-47b5-ac90-0570d4e450fb,2023-10-22 12:30:00,-13.14,,
3876ac47-4f86-4c91-8646-bd01a2387cac,2023-10-14 17:53:00,-5.06,,
0bd394fc-b5ca-4144-9141-57108deaff2b,2023-07-04 21:10:00,-97.36,,
848d635c-8fd2-4104-8d1d-f366607462ad,2023-10-10 13:46:00,-2.61,,
eceacf6d-4f60-4f65-a7fd-897784b75847,2023-06-24 14:59:00,-105.47,,
9ebd2b37-2b4c-486d-ab8b-98da9d903e0a,2023-06-24 14:59:00,-5.67,,
af50a8ed-b01c-4415-baed-5d5e8c25de95,2023-06-29 14:05:00,-6.39,,
2da970c9-73f8-42b1-b4ec-f5f8f2fe3d68,2023-09-11 23:14:00,-107.1,,
a4b2e977-80a7-49a0-b23a-4e6ddcd733be,2023-06-29 14:05:00,-118.82,,
2f52b48b-b54c-47ea-b614-7f36a3903f4d,2023-09-15 03:10:00,-36.24,,
8d9f85d8-00a4-4f81-a04f-cfcb21ebf96e,2023-10-11 19:30:00,-191.06,,
a7cd6a86-f236-4778-81aa-9642ced4b621,2023-10-11 19:30:00,-10.28,,
dd6ad52d-5924-46e9-a658-49559c35e258,2023-10-10 13:46:00,-48.49,,
45d018fa-08f2-4f4d-9502-fe7e45ed84f7,2023-10-22 12:30:00,-244.19,,
bcf3e839-b8dd-4293-94fc-8aab8749b10c,2023-09-10 20:53:00,-63.27,,
a2c2d938-8e72-4a5d-99bf-0d6e5d9dfae2,2023-10-14 08:07:24.942729,64.5,,
b0684e93-74b1-4ab3-ae0e-9028ff62a69b,2023-10-14 08:07:34.331017,240.3,,
